grade_2,grade_1,class_failures,higher_ed_encoded,higher_ed,student_id,school,school_encoded,mother_education_higher education,study_time_<2 hours,mother_education_primary education (4th grade),weekend_alcohol,mother_job,weekday_alcohol,school_choice_reason_reputation,final_grade
11,0,0,1,yes,1,GP,0,True,False,False,1,at_home,1,False,1.0
11,9,0,1,yes,2,GP,0,False,False,True,1,at_home,1,False,1.0
13,12,0,1,yes,3,GP,0,False,False,True,3,at_home,2,False,2.0
14,14,0,1,yes,4,GP,0,True,False,False,1,health,1,False,2.67
13,11,0,1,yes,5,GP,0,False,False,False,2,other,1,False,2.33
12,12,0,1,yes,6,GP,0,True,False,False,2,services,1,True,2.33
12,13,0,1,yes,7,GP,0,False,False,False,1,other,1,False,2.33
13,10,0,1,yes,8,GP,0,True,False,False,1,other,1,False,2.33
16,15,0,1,yes,9,GP,0,False,False,False,1,services,1,False,3.67
12,12,0,1,yes,10,GP,0,False,False,False,1,other,1,False,2.33
14,14,0,1,yes,11,GP,0,True,False,False,2,teacher,1,True,2.67
12,10,0,1,yes,12,GP,0,False,False,False,1,services,1,True,2.33
13,12,0,1,yes,13,GP,0,True,True,False,3,health,1,False,2.0
12,12,0,1,yes,14,GP,0,True,False,False,2,teacher,1,False,2.33
14,14,0,1,yes,15,GP,0,False,False,False,1,other,1,False,3.0
17,17,0,1,yes,16,GP,0,True,True,False,2,health,1,False,3.67
13,13,0,1,yes,17,GP,0,True,False,False,2,services,1,True,2.67
14,13,0,1,yes,18,GP,0,False,False,False,1,other,1,True,2.67
8,8,3,1,yes,19,GP,0,False,True,False,4,services,2,False,0.0
12,12,0,1,yes,20,GP,0,True,True,False,3,health,1,False,2.0
13,12,0,1,yes,21,GP,0,True,False,False,1,teacher,1,True,2.67
12,11,0,1,yes,22,GP,0,True,True,False,1,health,1,False,2.0
13,12,0,1,yes,23,GP,0,True,False,False,3,teacher,1,False,2.67
10,10,0,1,yes,24,GP,0,False,False,False,4,other,2,True,1.0
11,10,0,1,yes,25,GP,0,False,False,False,1,services,1,False,1.0
11,10,0,1,yes,26,GP,0,False,True,False,3,services,1,False,2.0
12,11,0,1,yes,27,GP,0,False,True,False,2,other,1,False,2.0
11,11,0,1,yes,28,GP,0,True,True,False,4,health,2,False,1.0
12,12,0,1,yes,29,GP,0,False,False,False,1,services,1,False,2.33
11,12,0,1,yes,30,GP,0,True,False,False,5,teacher,5,False,2.0
11,10,0,1,yes,31,GP,0,True,False,False,4,health,3,False,1.0
15,15,0,1,yes,32,GP,0,True,False,False,1,services,1,True,3.0
14,13,0,1,yes,33,GP,0,True,False,False,1,teacher,1,False,3.0
12,13,0,1,yes,34,GP,0,False,False,False,1,other,1,False,2.0
12,12,0,1,yes,35,GP,0,False,True,False,1,other,1,False,2.0
11,11,0,1,yes,36,GP,0,False,True,False,1,other,1,False,1.0
14,14,0,1,yes,37,GP,0,True,False,False,1,teacher,1,False,2.67
13,13,0,1,yes,38,GP,0,True,False,False,1,other,1,True,2.33
12,11,0,1,yes,39,GP,0,False,False,False,1,services,1,False,2.0
13,14,0,1,yes,40,GP,0,False,True,False,1,at_home,1,True,2.0
11,11,0,1,yes,41,GP,0,False,False,False,2,other,1,False,1.0
11,10,0,1,yes,42,GP,0,True,True,False,4,teacher,2,False,1.0
15,14,0,1,yes,43,GP,0,True,False,False,1,services,1,False,3.0
10,9,0,1,yes,44,GP,0,False,True,False,1,services,1,False,1.0
11,10,1,1,yes,45,GP,0,False,False,False,2,other,2,False,1.0
11,10,0,1,yes,46,GP,0,True,False,False,1,other,1,False,1.0
12,13,0,1,yes,47,GP,0,False,False,False,4,other,1,False,2.33
17,17,0,1,yes,48,GP,0,True,False,False,1,health,1,True,3.67
12,11,0,1,yes,49,GP,0,True,False,False,2,teacher,2,False,2.33
12,13,0,1,yes,50,GP,0,True,False,False,1,services,1,False,2.0
13,14,0,1,yes,51,GP,0,False,False,False,3,services,2,False,2.33
14,16,0,1,yes,52,GP,0,True,False,False,1,health,1,False,3.33
9,10,0,1,yes,53,GP,0,True,True,False,4,health,3,False,0.0
12,13,0,1,yes,54,GP,0,True,True,False,3,services,2,False,2.0
12,13,0,1,yes,55,GP,0,False,True,False,4,other,4,False,2.33
13,12,0,1,yes,56,GP,0,False,False,False,1,other,1,False,2.0
14,15,0,1,yes,57,GP,0,True,False,False,1,services,1,True,3.0
15,15,0,1,yes,58,GP,0,True,False,False,1,teacher,1,True,3.33
13,14,0,1,yes,59,GP,0,False,False,True,1,other,1,False,2.67
15,16,0,1,yes,60,GP,0,True,False,False,1,services,1,False,3.33
16,17,0,1,yes,61,GP,0,True,False,False,3,health,2,False,3.33
10,10,0,1,yes,62,GP,0,False,True,True,5,services,5,False,3.33
13,13,0,1,yes,63,GP,0,False,False,True,1,other,1,True,1.0
13,14,0,1,yes,64,GP,0,True,False,False,4,teacher,2,False,2.33
12,13,0,1,yes,65,GP,0,True,False,False,4,services,2,True,2.0
15,16,0,1,yes,66,GP,0,True,False,False,2,teacher,1,False,3.33
12,11,0,1,yes,67,GP,0,True,False,False,5,other,5,True,2.0
9,10,0,1,yes,68,GP,0,False,False,False,2,services,1,False,1.0
10,11,0,1,yes,69,GP,0,False,False,False,3,health,1,True,1.0
15,15,0,1,yes,70,GP,0,False,False,False,3,other,2,True,3.0
11,13,0,1,yes,71,GP,0,False,False,False,1,other,1,True,1.0
9,11,0,1,yes,72,GP,0,True,False,False,1,other,1,False,1.0
11,13,0,1,yes,73,GP,0,False,False,True,4,other,2,True,1.0
13,13,0,1,yes,74,GP,0,False,True,False,2,other,2,True,2.67
11,11,0,1,yes,75,GP,0,False,False,False,4,other,2,False,1.0
11,11,0,1,yes,76,GP,0,True,False,False,3,teacher,2,False,1.0
11,12,0,1,yes,77,GP,0,True,False,False,1,teacher,1,False,1.0
13,13,0,1,yes,78,GP,0,False,False,False,3,other,1,True,2.33
9,9,3,0,no,79,GP,0,False,True,False,1,other,1,False,1.0
11,12,0,1,yes,80,GP,0,False,False,False,2,at_home,1,False,1.0
11,11,0,1,yes,81,GP,0,False,True,False,3,other,1,False,2.0
9,10,0,1,yes,82,GP,0,False,False,False,2,other,1,False,0.0
11,12,0,1,yes,83,GP,0,False,False,False,1,services,1,True,1.0
12,13,0,1,yes,84,GP,0,False,False,False,3,services,1,False,2.33
12,13,0,1,yes,85,GP,0,False,False,True,3,other,2,False,2.0
11,12,0,1,yes,86,GP,0,True,False,False,3,services,2,True,2.0
11,13,0,1,yes,87,GP,0,False,False,False,2,at_home,1,False,1.0
15,15,0,1,yes,88,GP,0,True,False,False,3,other,1,True,3.0
10,12,0,1,yes,89,GP,0,False,False,False,1,services,1,True,1.0
9,9,0,1,yes,90,GP,0,True,False,False,5,teacher,3,True,1.0
11,9,0,1,yes,91,GP,0,False,False,False,3,other,1,False,1.0
13,14,0,1,yes,92,GP,0,True,True,False,3,services,1,True,2.33
13,12,0,1,yes,93,GP,0,False,False,False,3,other,2,False,2.0
14,13,0,1,yes,94,GP,0,True,False,False,1,teacher,1,False,2.67
12,11,0,1,yes,95,GP,0,False,False,False,1,services,1,True,2.0
13,13,0,1,yes,96,GP,0,False,False,True,1,at_home,1,False,2.33
11,9,0,1,yes,97,GP,0,True,True,False,1,services,1,True,1.0
12,13,0,1,yes,98,GP,0,False,False,False,1,other,1,False,2.0
13,12,0,1,yes,99,GP,0,True,True,False,2,other,1,True,2.33
13,12,0,1,yes,100,GP,0,True,False,False,1,other,1,False,2.33
9,9,0,1,yes,101,GP,0,True,True,False,5,services,5,False,0.0
16,16,0,1,yes,102,GP,0,True,False,False,1,services,1,False,3.33
13,12,0,1,yes,103,GP,0,True,True,False,1,services,1,False,2.0
10,11,0,1,yes,104,GP,0,False,False,False,1,services,1,False,1.0
16,16,0,1,yes,105,GP,0,False,False,False,1,services,1,False,3.33
10,10,0,1,yes,106,GP,0,False,False,False,1,other,1,True,1.0
10,10,0,1,yes,107,GP,0,False,False,False,1,other,1,False,1.0
14,13,0,1,yes,108,GP,0,False,False,False,1,services,1,False,2.67
10,12,0,1,yes,109,GP,0,True,False,False,5,other,3,False,1.0
15,15,0,1,yes,110,GP,0,True,False,False,1,health,1,False,2.67
14,13,0,1,yes,111,GP,0,True,True,False,1,teacher,1,False,2.67
11,11,0,1,yes,112,GP,0,False,False,False,1,services,1,True,1.0
10,8,1,1,yes,113,GP,0,False,False,False,1,at_home,1,False,1.0
17,18,0,1,yes,114,GP,0,True,True,False,1,teacher,1,False,4.0
9,10,0,1,yes,115,GP,0,False,False,False,1,health,1,True,1.0
14,16,0,1,yes,116,GP,0,True,False,False,2,teacher,1,False,2.67
15,16,0,1,yes,117,GP,0,True,False,False,1,other,1,True,3.33
14,14,0,1,yes,118,GP,0,False,True,False,1,other,1,False,3.0
11,12,1,1,yes,119,GP,0,False,False,True,4,other,1,False,1.0
13,14,0,1,yes,120,GP,0,False,True,False,2,other,1,True,2.67
14,14,0,1,yes,121,GP,0,False,False,True,2,at_home,1,False,2.67
13,14,0,1,yes,122,GP,0,False,False,False,2,services,1,False,2.33
12,14,0,1,yes,123,GP,0,False,False,False,2,other,1,False,2.33
13,12,0,1,yes,124,GP,0,True,True,False,4,health,1,False,2.33
11,12,0,1,yes,125,GP,0,False,False,False,1,other,1,False,1.0
9,9,0,1,yes,126,GP,0,False,True,False,2,services,3,False,0.0
11,10,0,1,yes,127,GP,0,False,False,False,1,other,1,False,1.0
10,9,2,0,no,128,GP,0,False,False,False,1,at_home,1,False,1.0
14,14,0,1,yes,129,GP,0,True,True,False,5,teacher,2,False,3.0
12,13,0,1,yes,130,GP,0,False,False,False,2,other,2,False,2.33
11,10,0,1,yes,131,GP,0,False,False,False,2,services,2,False,2.0
9,10,3,0,no,132,GP,0,False,False,False,3,services,1,True,0.0
10,11,0,1,yes,133,GP,0,False,True,False,2,other,1,False,1.0
12,11,0,1,yes,134,GP,0,False,True,True,2,at_home,1,False,2.33
12,13,0,1,yes,135,GP,0,False,True,False,3,other,1,False,2.0
13,15,0,1,yes,136,GP,0,False,True,False,4,services,1,False,2.67
9,9,0,1,yes,137,GP,0,False,True,False,1,at_home,1,False,1.0
11,13,1,1,yes,138,GP,0,False,True,False,1,other,1,False,1.0
11,12,0,1,yes,139,GP,0,False,False,False,1,at_home,1,False,1.0
14,13,0,1,yes,140,GP,0,True,False,False,1,services,1,False,3.0
9,10,0,1,yes,141,GP,0,False,False,False,4,at_home,2,False,1.0
13,14,0,1,yes,142,GP,0,False,False,True,1,at_home,1,False,2.33
11,11,0,1,yes,143,GP,0,False,True,False,5,services,4,False,2.0
11,12,0,1,yes,144,GP,0,False,False,False,1,other,5,False,1.0
11,12,0,1,yes,145,GP,0,False,True,True,2,other,1,True,1.0
9,9,0,1,yes,146,GP,0,False,True,False,1,other,1,False,1.0
10,10,2,1,yes,147,GP,0,False,False,True,3,services,1,False,1.0
14,13,0,1,yes,148,GP,0,True,True,False,1,teacher,1,False,2.67
9,8,1,1,yes,149,GP,0,False,True,True,1,other,1,False,0.0
11,9,0,1,yes,150,GP,0,True,False,False,1,teacher,1,False,1.0
8,9,0,1,yes,151,GP,0,False,False,False,3,services,2,False,0.0
13,15,0,1,yes,152,GP,0,True,False,False,3,services,1,False,2.33
11,12,0,1,yes,153,GP,0,False,True,False,2,services,2,True,1.0
13,13,0,1,yes,154,GP,0,True,False,False,1,teacher,1,False,2.33
11,10,0,1,yes,155,GP,0,False,True,True,3,at_home,3,False,1.0
7,9,0,1,yes,156,GP,0,False,True,False,2,other,1,False,0.0
12,12,0,1,yes,157,GP,0,False,False,True,2,other,1,False,2.0
10,11,0,0,no,158,GP,0,False,True,False,1,at_home,1,False,1.0
11,11,1,1,yes,159,GP,0,False,False,False,1,health,1,False,1.0
12,13,0,1,yes,160,GP,0,False,False,True,1,at_home,1,False,2.33
11,11,0,1,yes,161,GP,0,False,False,True,4,at_home,2,False,1.0
9,9,0,0,no,162,GP,0,True,True,False,1,teacher,2,False,0.0
11,12,0,1,yes,163,GP,0,False,True,False,5,services,2,False,1.0
9,11,2,0,no,164,GP,0,False,True,True,5,other,2,False,0.0
10,9,1,1,yes,165,GP,0,False,True,False,5,at_home,3,False,1.0
13,13,0,1,yes,166,GP,0,False,False,False,3,services,2,True,2.33
9,11,0,0,no,167,GP,0,False,True,False,1,services,1,False,1.0
13,13,0,1,yes,168,GP,0,True,True,False,1,other,1,False,2.33
8,7,0,1,yes,169,GP,0,False,False,False,1,at_home,1,False,0.0
8,9,3,1,yes,170,GP,0,False,True,True,3,other,3,True,1.0
10,11,3,1,yes,171,GP,0,False,True,True,5,at_home,1,False,1.0
10,12,0,1,yes,172,GP,0,False,True,False,2,at_home,1,False,1.0
10,10,1,1,yes,173,GP,0,False,False,False,4,other,4,False,0.0
8,9,2,1,yes,174,GP,0,False,True,True,5,health,3,False,1.0
8,8,1,0,no,175,GP,0,False,True,False,2,at_home,2,False,0.0
6,7,2,1,yes,176,GP,0,False,False,False,4,other,1,False,0.0
9,8,0,1,yes,177,GP,0,False,True,True,4,other,2,False,1.0
8,9,1,0,no,178,GP,0,False,True,True,4,at_home,1,False,0.0
8,8,0,0,no,179,GP,0,False,False,True,5,other,1,False,0.0
7,8,3,0,no,180,GP,0,False,True,False,1,services,1,False,0.0
10,9,0,0,no,181,GP,0,False,False,False,4,other,2,False,1.0
17,17,0,1,yes,182,GP,0,True,False,False,1,health,1,False,4.0
12,12,0,1,yes,183,GP,0,False,False,False,1,other,1,False,2.33
16,16,0,1,yes,184,GP,0,True,False,False,1,health,1,True,3.67
9,9,1,1,yes,185,GP,0,False,True,False,4,other,2,False,1.0
17,16,0,1,yes,186,GP,0,False,False,True,1,other,1,True,4.0
9,11,0,1,yes,187,GP,0,True,False,False,3,teacher,1,True,1.0
13,14,0,1,yes,188,GP,0,False,False,True,1,at_home,1,False,2.33
14,14,0,1,yes,189,GP,0,False,False,False,1,other,1,True,3.0
11,10,0,1,yes,190,GP,0,True,False,False,4,teacher,4,False,1.0
12,13,0,1,yes,191,GP,0,False,False,False,4,services,1,True,2.67
9,11,0,1,yes,192,GP,0,False,False,False,4,other,1,True,1.0
9,10,0,1,yes,193,GP,0,True,True,False,4,teacher,3,False,1.0
11,11,0,1,yes,194,GP,0,True,False,False,1,other,1,False,2.33
10,11,0,1,yes,195,GP,0,True,False,False,3,teacher,2,False,1.0
12,11,0,1,yes,196,GP,0,False,False,False,2,services,1,False,2.33
18,17,0,1,yes,197,GP,0,False,False,False,3,services,2,True,3.67
13,14,0,1,yes,198,GP,0,False,False,False,3,other,2,True,2.67
15,14,0,1,yes,199,GP,0,False,False,False,2,other,1,True,3.33
13,11,0,1,yes,200,GP,0,False,False,False,3,services,2,False,2.67
9,10,0,1,yes,201,GP,0,False,True,True,2,services,1,False,1.0
14,13,0,1,yes,202,GP,0,False,False,False,2,other,1,False,3.33
13,12,0,1,yes,203,GP,0,False,False,False,3,health,1,True,2.67
9,9,0,1,yes,204,GP,0,False,False,True,5,at_home,1,False,1.0
12,12,0,1,yes,205,GP,0,False,False,False,1,services,1,False,2.33
11,12,0,1,yes,206,GP,0,False,False,True,1,at_home,1,False,2.0
11,10,0,1,yes,207,GP,0,False,False,True,5,at_home,4,False,2.0
10,11,0,1,yes,208,GP,0,False,True,False,4,services,3,True,1.0
12,13,0,1,yes,209,GP,0,False,True,False,1,other,1,False,2.0
15,14,0,1,yes,210,GP,0,False,False,False,1,services,1,False,3.33
13,13,0,1,yes,211,GP,0,True,True,False,2,services,1,False,2.67
11,10,0,1,yes,212,GP,0,False,True,False,5,teacher,3,False,2.0
15,14,1,1,yes,213,GP,0,True,True,False,3,services,2,False,3.33
10,11,0,1,yes,214,GP,0,True,False,False,2,teacher,1,True,1.0
14,14,0,1,yes,215,GP,0,True,False,False,5,health,1,False,3.0
12,11,0,1,yes,216,GP,0,False,False,False,3,other,1,True,2.0
15,14,0,1,yes,217,GP,0,False,False,True,3,other,1,False,3.0
13,13,0,1,yes,218,GP,0,False,True,False,2,other,1,True,2.33
13,13,0,1,yes,219,GP,0,False,False,False,1,services,1,True,2.33
9,8,1,1,yes,220,GP,0,False,False,False,4,at_home,3,False,0.0
11,11,0,1,yes,221,GP,0,False,False,False,2,services,2,False,2.0
15,14,0,1,yes,222,GP,0,True,False,False,1,teacher,1,False,3.0
13,12,0,1,yes,223,GP,0,False,True,True,4,at_home,1,False,2.33
12,11,0,1,yes,224,GP,0,True,False,False,1,teacher,1,True,2.0
12,12,0,1,yes,225,GP,0,False,False,False,2,other,1,True,2.0
12,13,0,1,yes,226,GP,0,True,False,False,5,services,4,False,2.0
13,13,0,1,yes,227,GP,0,False,False,False,1,other,1,True,2.33
11,12,0,1,yes,228,GP,0,False,False,False,4,services,2,False,1.0
11,12,0,1,yes,229,GP,0,True,True,False,2,services,1,False,1.0
16,14,0,1,yes,230,GP,0,False,False,False,3,other,1,True,3.0
9,11,0,1,yes,231,GP,0,True,False,False,4,other,2,True,1.0
10,10,0,1,yes,232,GP,0,False,False,False,4,services,2,False,1.0
13,12,0,1,yes,233,GP,0,False,True,False,4,at_home,1,False,2.33
12,12,0,1,yes,234,GP,0,False,False,False,1,at_home,1,False,2.33
10,11,0,1,yes,235,GP,0,False,False,False,2,at_home,1,True,1.0
12,12,0,1,yes,236,GP,0,False,False,True,1,at_home,1,True,2.0
13,13,0,1,yes,237,GP,0,False,False,False,1,services,1,False,2.67
9,10,3,1,yes,238,GP,0,False,False,False,5,other,5,False,1.0
16,15,0,1,yes,239,GP,0,True,False,False,1,teacher,1,False,3.33
8,8,0,1,yes,240,GP,0,False,False,False,1,other,1,True,0.0
18,17,0,1,yes,241,GP,0,False,False,False,3,other,1,False,3.67
11,10,0,1,yes,242,GP,0,False,False,False,3,services,1,True,1.0
10,9,0,1,yes,243,GP,0,False,False,False,5,at_home,4,False,1.0
15,15,0,1,yes,244,GP,0,False,False,False,2,other,1,False,3.33
12,14,0,1,yes,245,GP,0,True,False,False,2,health,1,True,2.0
13,12,0,1,yes,246,GP,0,False,False,False,1,other,1,False,2.33
13,13,0,1,yes,247,GP,0,True,False,False,3,teacher,1,True,2.33
13,13,0,1,yes,248,GP,0,True,False,False,4,health,2,True,2.67
9,9,0,1,yes,249,GP,0,False,False,True,1,other,1,False,0.0
12,12,0,1,yes,250,GP,0,False,False,False,3,at_home,1,True,2.0
16,16,0,1,yes,251,GP,0,False,False,False,5,other,5,False,3.33
10,9,0,1,yes,252,GP,0,False,True,False,1,other,1,False,1.0
13,14,0,1,yes,253,GP,0,True,False,False,2,other,1,False,2.33
10,10,1,1,yes,254,GP,0,False,False,False,1,services,1,False,1.0
8,9,1,1,yes,255,GP,0,False,False,False,1,at_home,1,False,1.0
7,8,1,0,no,256,GP,0,False,True,False,1,other,1,False,0.0
8,7,1,0,no,257,GP,0,False,True,False,2,other,2,False,0.0
8,10,0,1,yes,258,GP,0,True,True,False,2,teacher,1,False,0.0
14,14,0,1,yes,259,GP,0,False,False,False,1,other,1,False,3.0
10,11,0,1,yes,260,GP,0,False,False,True,2,at_home,1,False,1.0
11,12,0,0,no,261,GP,0,False,True,True,2,other,1,False,1.0
13,13,0,1,yes,262,GP,0,False,False,False,1,at_home,1,False,2.33
9,9,1,1,yes,263,GP,0,False,True,True,1,other,1,False,0.0
7,8,0,0,no,264,GP,0,False,False,False,5,other,3,True,0.0
9,11,1,0,no,265,GP,0,False,True,False,1,other,1,False,1.0
14,15,0,1,yes,266,GP,0,False,False,True,3,at_home,1,False,3.0
14,15,0,1,yes,267,GP,0,True,False,False,1,teacher,1,False,2.67
15,15,0,1,yes,268,GP,0,True,False,False,4,health,1,False,3.0
12,12,0,1,yes,269,GP,0,True,False,False,3,teacher,2,False,2.0
14,14,0,1,yes,270,GP,0,True,True,False,1,teacher,1,False,3.0
15,14,0,1,yes,271,GP,0,True,True,False,2,services,1,False,3.0
11,11,0,1,yes,272,GP,0,True,False,False,4,teacher,1,False,2.0
14,13,0,1,yes,273,GP,0,False,False,True,1,other,1,False,3.0
11,11,0,1,yes,274,GP,0,False,False,False,3,services,2,False,1.0
9,10,0,1,yes,275,GP,0,False,False,True,1,at_home,1,False,1.0
10,12,0,1,yes,276,GP,0,False,False,False,1,other,1,False,1.0
16,15,0,1,yes,277,GP,0,False,True,False,1,other,1,False,3.33
10,11,0,1,yes,278,GP,0,False,False,True,2,other,1,False,1.0
12,9,0,1,yes,279,GP,0,False,True,False,1,other,1,False,2.33
8,7,3,0,no,280,GP,0,False,True,False,5,services,5,False,0.0
9,10,0,1,yes,281,GP,0,False,False,False,3,other,1,False,1.0
12,11,0,1,yes,282,GP,0,False,True,False,4,other,2,False,1.0
8,7,0,0,no,283,GP,0,False,True,False,4,services,2,False,0.0
11,9,1,1,yes,284,GP,0,False,False,False,3,at_home,1,True,1.0
8,7,2,0,no,285,GP,0,False,True,False,5,services,2,False,0.0
13,14,0,1,yes,286,GP,0,False,True,False,3,other,1,False,2.0
12,12,0,1,yes,287,GP,0,False,True,False,4,other,2,False,2.33
10,9,1,1,yes,288,GP,0,False,True,True,2,health,1,False,1.0
12,12,0,1,yes,289,GP,0,False,False,False,3,other,1,False,2.33
15,14,0,1,yes,290,GP,0,True,False,False,1,teacher,1,True,3.67
10,10,0,1,yes,291,GP,0,False,False,False,1,services,1,False,1.0
10,11,1,0,no,292,GP,0,False,False,False,4,services,4,False,1.0
12,11,0,1,yes,293,GP,0,True,False,False,3,other,1,False,2.67
12,11,0,1,yes,294,GP,0,False,False,True,3,other,2,False,2.67
11,11,0,1,yes,295,GP,0,False,False,False,1,other,1,False,2.33
13,11,0,1,yes,296,GP,0,True,False,False,1,services,1,True,2.67
16,16,0,1,yes,297,GP,0,False,False,False,2,other,1,False,3.33
10,9,0,0,no,298,GP,0,False,True,False,1,other,1,False,1.0
11,10,0,1,yes,299,GP,0,False,False,False,1,services,1,False,2.0
12,10,0,0,no,300,GP,0,False,False,False,2,other,1,False,2.0
15,15,0,1,yes,301,GP,0,True,False,False,3,services,1,False,3.0
10,10,0,1,yes,302,GP,0,True,False,False,1,teacher,1,False,1.0
11,10,0,1,yes,303,GP,0,False,False,False,1,other,1,False,2.0
12,15,0,1,yes,304,GP,0,False,False,False,1,other,1,False,2.33
12,11,0,1,yes,305,GP,0,False,False,False,1,at_home,1,False,2.33
8,8,0,0,no,306,GP,0,False,True,False,3,other,2,False,0.0
16,15,0,1,yes,307,GP,0,False,False,False,4,other,3,True,3.33
11,11,0,1,yes,308,GP,0,False,False,False,4,services,3,False,2.67
11,10,0,1,yes,309,GP,0,True,False,False,2,teacher,2,True,2.0
12,10,0,1,yes,310,GP,0,True,False,False,3,health,1,True,2.67
9,8,0,0,no,311,GP,0,False,False,False,2,other,1,True,1.0
12,11,0,1,yes,312,GP,0,False,False,False,3,other,3,False,2.0
16,16,0,1,yes,313,GP,0,False,False,False,3,other,1,True,3.33
13,13,0,1,yes,314,GP,0,False,False,True,1,other,1,False,2.33
17,16,0,1,yes,315,GP,0,False,False,True,2,at_home,2,False,4.0
14,14,0,1,yes,316,GP,0,False,False,False,2,other,1,False,3.0
16,15,0,1,yes,317,GP,0,False,False,False,1,at_home,1,True,3.33
12,12,0,1,yes,318,GP,0,False,False,False,3,services,2,False,2.0
9,12,0,0,no,319,GP,0,False,False,False,1,other,1,False,1.0
12,11,0,1,yes,320,GP,0,True,True,False,4,teacher,1,False,2.0
12,14,1,1,yes,321,GP,0,True,False,False,1,health,1,True,2.33
15,13,0,1,yes,322,GP,0,False,False,False,1,other,1,True,3.0
8,9,1,0,no,323,GP,0,False,False,False,3,services,4,True,1.0
10,10,0,1,yes,324,GP,0,True,True,False,2,teacher,1,False,1.0
10,10,0,0,no,325,GP,0,False,True,True,4,at_home,2,False,1.0
11,11,0,1,yes,326,GP,0,True,True,False,4,services,2,False,1.0
13,13,0,1,yes,327,GP,0,False,True,False,4,teacher,3,False,2.33
17,17,0,1,yes,328,GP,0,False,False,True,1,at_home,1,True,4.0
13,12,0,1,yes,329,GP,0,False,False,True,1,other,1,False,2.33
12,12,0,1,yes,330,GP,0,False,False,False,2,other,1,False,2.67
13,12,0,1,yes,331,GP,0,False,False,False,1,other,1,True,2.67
12,12,0,1,yes,332,GP,0,False,False,True,2,other,1,True,2.0
18,18,0,1,yes,333,GP,0,False,False,False,2,at_home,1,False,4.0
13,13,0,1,yes,334,GP,0,False,False,True,1,services,1,True,2.67
15,14,0,1,yes,335,GP,0,False,False,False,3,services,1,True,3.0
17,17,0,1,yes,336,GP,0,True,False,False,1,teacher,1,True,3.67
16,15,0,1,yes,337,GP,0,True,False,False,4,teacher,1,False,3.33
18,17,0,1,yes,338,GP,0,True,False,False,2,health,1,True,4.0
19,18,0,1,yes,339,GP,0,False,False,False,1,services,1,True,4.0
15,14,0,1,yes,340,GP,0,False,False,False,1,services,1,True,3.0
15,14,0,1,yes,341,GP,0,False,True,False,3,health,1,False,3.0
13,14,0,1,yes,342,GP,0,True,False,False,3,health,2,True,2.33
14,13,0,1,yes,343,GP,0,True,False,False,2,other,1,False,2.67
17,16,0,1,yes,344,GP,0,True,False,False,1,other,1,True,3.67
18,18,0,1,yes,345,GP,0,True,True,False,2,teacher,2,False,3.67
15,14,0,1,yes,346,GP,0,True,False,False,1,health,1,False,3.0
13,12,0,1,yes,347,GP,0,True,True,False,2,other,2,False,2.33
7,7,0,1,yes,348,GP,0,True,False,False,1,services,1,True,0.0
16,16,0,1,yes,349,GP,0,True,False,False,1,other,1,True,3.33
18,18,0,1,yes,350,GP,0,False,False,False,2,health,1,True,4.0
10,9,1,1,yes,351,GP,0,False,False,False,1,at_home,1,False,1.0
15,14,2,1,yes,352,GP,0,False,True,False,1,services,1,False,3.0
10,10,0,1,yes,353,GP,0,False,False,False,2,other,1,True,1.0
10,10,0,1,yes,354,GP,0,False,False,True,2,other,1,False,1.0
12,12,0,1,yes,355,GP,0,False,False,False,2,services,1,False,3.0
12,11,0,1,yes,356,GP,0,False,False,False,1,other,1,False,2.67
16,15,0,1,yes,357,GP,0,True,True,False,1,teacher,1,False,3.67
15,14,0,1,yes,358,GP,0,True,False,False,1,other,1,False,3.67
12,12,0,1,yes,359,GP,0,True,True,False,4,health,1,False,3.0
15,15,0,1,yes,360,GP,0,False,False,False,5,at_home,2,False,3.67
12,11,0,1,yes,361,GP,0,False,False,False,1,at_home,1,False,2.67
10,11,0,1,yes,362,GP,0,True,False,False,1,health,1,False,1.0
11,12,0,1,yes,363,GP,0,True,False,False,3,teacher,3,False,2.33
12,11,0,1,yes,364,GP,0,False,True,False,1,other,1,False,2.67
15,14,0,1,yes,365,GP,0,True,True,False,2,health,1,False,3.67
14,15,0,1,yes,366,GP,0,True,False,False,2,services,1,False,3.67
12,12,0,1,yes,367,GP,0,False,False,False,1,services,1,False,2.33
12,11,0,1,yes,368,GP,0,False,False,False,2,other,2,False,2.67
9,8,0,1,yes,369,GP,0,True,True,False,4,other,3,True,1.0
10,10,0,0,no,370,GP,0,False,False,True,3,other,4,False,1.0
8,8,2,1,yes,371,GP,0,False,False,True,1,other,1,False,0.0
10,10,0,1,yes,372,GP,0,False,True,False,4,other,2,False,1.0
13,14,0,1,yes,373,GP,0,False,False,False,1,other,1,False,2.33
11,11,0,1,yes,374,GP,0,False,False,False,2,services,2,False,1.0
18,17,0,1,yes,375,GP,0,False,False,False,3,services,2,False,3.67
14,14,0,1,yes,376,GP,0,False,False,False,3,at_home,2,False,3.0
14,14,0,1,yes,377,GP,0,False,False,True,2,other,1,False,2.67
14,13,0,1,yes,378,GP,0,True,False,False,2,other,2,False,2.33
18,17,0,1,yes,379,GP,0,False,True,False,5,other,3,True,3.67
10,11,0,1,yes,380,GP,0,False,True,False,5,services,5,False,1.0
12,13,0,1,yes,381,GP,0,True,False,False,3,teacher,1,False,2.33
14,15,0,1,yes,382,GP,0,True,False,False,2,teacher,1,False,3.0
12,11,0,1,yes,383,GP,0,False,True,False,5,at_home,2,False,1.0
11,11,0,1,yes,384,GP,0,False,False,False,4,other,2,False,2.0
10,11,0,1,yes,385,GP,0,False,True,False,2,at_home,2,False,1.0
9,10,0,1,yes,386,GP,0,False,False,False,1,at_home,1,False,1.0
15,15,0,1,yes,387,GP,0,False,False,False,1,at_home,1,False,3.0
14,15,0,1,yes,388,GP,0,False,True,False,2,other,1,True,3.0
11,10,0,1,yes,389,GP,0,False,False,False,1,services,1,False,2.0
9,10,0,1,yes,390,GP,0,False,False,False,1,other,1,False,2.0
13,14,0,1,yes,391,GP,0,False,False,False,1,at_home,1,False,2.67
13,11,0,1,yes,392,GP,0,False,False,False,3,services,1,False,2.67
13,12,0,1,yes,393,GP,0,False,False,False,3,other,2,False,3.0
14,14,0,1,yes,394,GP,0,False,False,False,1,services,1,False,3.0
14,14,0,1,yes,395,GP,0,False,False,False,3,other,2,False,3.33
12,12,0,1,yes,396,GP,0,True,False,False,2,teacher,2,False,2.33
16,16,0,1,yes,397,GP,0,False,False,False,3,services,1,False,3.67
12,10,0,1,yes,398,GP,0,False,False,False,2,at_home,1,False,2.67
12,11,0,1,yes,399,GP,0,False,False,False,2,at_home,1,False,2.67
16,14,0,1,yes,400,GP,0,False,False,False,3,other,2,False,3.67
14,15,0,1,yes,401,GP,0,True,False,False,2,teacher,1,False,3.67
13,14,0,1,yes,402,GP,0,True,False,False,3,teacher,2,False,2.67
12,11,0,1,yes,403,GP,0,True,False,False,3,health,1,True,2.33
15,12,0,1,yes,404,GP,0,False,False,False,2,services,2,False,3.0
16,12,0,1,yes,405,GP,0,False,False,False,4,services,2,True,3.33
11,10,1,0,no,406,GP,0,False,True,False,4,at_home,3,False,1.0
13,10,1,1,yes,407,GP,0,False,True,False,1,other,1,False,2.33
12,9,2,1,yes,408,GP,0,True,False,False,1,other,1,True,2.0
11,9,0,0,no,409,GP,0,False,False,False,3,services,1,True,2.0
14,13,0,1,yes,410,GP,0,False,False,False,4,other,1,True,3.0
17,13,0,1,yes,411,GP,0,False,False,False,3,services,1,True,3.67
15,12,0,1,yes,412,GP,0,True,False,False,2,health,1,True,3.0
17,14,0,1,yes,413,GP,0,True,False,False,1,teacher,1,False,3.67
10,9,2,0,no,414,GP,0,False,False,True,2,at_home,5,False,1.0
15,11,0,1,yes,415,GP,0,False,False,True,3,other,1,True,3.0
10,9,1,1,yes,416,GP,0,True,True,False,4,teacher,4,False,1.0
18,16,0,1,yes,417,GP,0,False,False,False,2,other,1,True,4.0
17,14,0,1,yes,418,GP,0,False,False,False,2,at_home,1,True,3.67
14,13,0,1,yes,419,GP,0,False,True,False,5,other,4,True,2.67
11,7,0,1,yes,420,GP,0,False,True,False,4,other,1,True,1.0
17,14,0,1,yes,421,GP,0,False,False,False,3,services,1,True,3.67
10,8,1,1,yes,422,GP,0,False,True,True,1,other,1,True,1.0
13,10,0,1,yes,423,GP,0,False,False,False,2,services,1,False,2.33
11,10,0,0,no,424,MS,1,False,True,True,3,at_home,1,False,1.0
12,12,0,1,yes,425,MS,1,False,False,False,1,other,1,False,2.0
10,10,1,1,yes,426,MS,1,False,True,True,1,at_home,1,False,1.0
10,10,0,1,yes,427,MS,1,False,True,False,3,at_home,2,False,1.0
17,16,0,1,yes,428,MS,1,False,False,False,2,at_home,1,False,3.67
8,6,0,0,no,429,MS,1,False,True,False,1,at_home,1,False,0.0
11,10,0,1,yes,430,MS,1,True,False,False,3,at_home,1,False,1.0
11,10,0,1,yes,431,MS,1,False,False,True,1,other,1,False,1.0
10,10,1,1,yes,432,MS,1,False,False,False,2,at_home,1,False,1.0
6,6,1,0,no,433,MS,1,False,True,True,2,other,2,False,0.0
14,13,0,1,yes,434,MS,1,True,True,False,5,teacher,3,False,2.67
9,10,0,0,no,435,MS,1,False,False,False,1,at_home,1,True,1.0
10,10,0,1,yes,436,MS,1,False,False,True,2,at_home,1,True,1.0
7,6,1,1,yes,437,MS,1,False,True,True,2,other,1,False,0.0
11,12,0,1,yes,438,MS,1,False,True,False,2,other,1,False,2.0
11,10,0,1,yes,439,MS,1,False,True,False,3,other,1,False,2.0
16,14,0,1,yes,440,MS,1,False,True,False,1,other,1,False,3.33
0,7,0,1,yes,441,MS,1,False,False,True,5,at_home,4,False,0.0
9,8,0,1,yes,442,MS,1,False,False,True,4,other,2,False,0.0
13,12,0,1,yes,443,MS,1,True,False,False,2,health,1,True,2.67
9,7,0,1,yes,444,MS,1,True,False,False,2,health,1,True,0.0
10,9,0,1,yes,445,MS,1,False,False,False,2,other,1,False,1.0
9,7,0,1,yes,446,MS,1,False,False,True,4,other,2,False,0.0
11,11,0,1,yes,447,MS,1,False,False,False,1,at_home,1,True,1.0
10,8,0,0,no,448,MS,1,False,True,False,5,other,5,False,0.0
16,16,0,1,yes,449,MS,1,True,False,False,1,teacher,1,False,3.67
13,11,0,1,yes,450,MS,1,False,True,True,1,other,1,False,2.33
15,15,0,1,yes,451,MS,1,False,False,False,2,other,1,False,3.0
11,10,0,1,yes,452,MS,1,False,False,True,1,other,1,False,1.0
10,9,0,1,yes,453,MS,1,False,False,False,1,other,1,False,1.0
8,10,1,1,yes,454,MS,1,False,False,True,2,other,1,False,0.0
8,9,1,1,yes,455,MS,1,False,False,True,2,other,1,False,0.0
10,9,0,1,yes,456,MS,1,False,False,False,3,at_home,3,False,0.0
14,13,0,1,yes,457,MS,1,False,False,True,1,at_home,2,False,3.0
11,10,0,1,yes,458,MS,1,False,True,True,5,at_home,5,True,1.0
10,13,0,1,yes,459,MS,1,False,False,True,1,other,1,False,2.33
9,10,0,1,yes,460,MS,1,False,False,True,1,at_home,1,False,1.0
10,11,0,1,yes,461,MS,1,False,False,True,1,at_home,1,False,1.0
12,13,0,1,yes,462,MS,1,False,True,True,3,at_home,4,False,2.67
14,13,0,1,yes,463,MS,1,False,False,True,2,at_home,1,False,2.67
11,14,0,1,yes,464,MS,1,False,False,False,2,other,2,False,2.0
11,11,0,1,yes,465,MS,1,False,True,True,4,at_home,3,False,1.0
8,9,1,1,yes,466,MS,1,False,False,True,3,other,2,False,0.0
9,10,0,1,yes,467,MS,1,False,True,False,3,other,1,False,1.0
13,14,0,1,yes,468,MS,1,False,False,False,1,other,1,False,2.67
12,13,0,1,yes,469,MS,1,False,True,False,2,health,1,True,2.33
12,13,0,1,yes,470,MS,1,True,False,False,1,other,1,False,2.33
12,13,0,1,yes,471,MS,1,False,False,False,1,services,1,True,2.0
11,12,1,1,yes,472,MS,1,False,False,False,3,at_home,2,False,2.0
14,14,0,1,yes,473,MS,1,False,True,False,1,other,1,False,3.33
8,10,0,1,yes,474,MS,1,False,True,False,3,at_home,2,False,1.0
11,10,0,1,yes,475,MS,1,False,True,True,5,at_home,3,True,1.0
13,12,0,1,yes,476,MS,1,False,False,False,1,other,1,False,2.67
8,10,0,1,yes,477,MS,1,False,True,False,1,other,1,False,0.0
10,12,0,1,yes,478,MS,1,False,True,False,4,services,2,False,1.0
7,7,3,1,yes,479,MS,1,False,False,True,1,at_home,1,False,0.0
9,9,0,0,no,480,MS,1,False,True,False,1,other,1,False,1.0
9,9,1,0,no,481,MS,1,False,True,False,1,at_home,1,False,1.0
10,9,0,0,no,482,MS,1,False,True,False,1,at_home,1,False,1.0
10,9,0,0,no,483,MS,1,False,True,True,3,at_home,1,False,0.0
10,9,0,0,no,484,MS,1,False,False,False,2,other,1,False,1.0
7,7,0,0,no,485,MS,1,False,True,False,2,other,1,False,0.0
10,11,0,1,yes,486,MS,1,False,False,False,2,at_home,1,False,1.0
10,9,1,1,yes,487,MS,1,False,True,False,4,other,1,False,1.0
9,7,2,0,no,488,MS,1,False,False,False,1,other,1,False,1.0
9,7,1,0,no,489,MS,1,False,False,True,1,at_home,1,False,0.0
9,8,1,0,no,490,MS,1,False,True,True,4,other,3,False,1.0
11,9,1,0,no,491,MS,1,False,True,True,1,at_home,1,False,1.0
8,7,1,1,yes,492,MS,1,False,False,True,1,other,4,False,0.0
10,8,0,1,yes,493,MS,1,False,False,False,1,health,1,False,1.0
9,9,0,1,yes,494,MS,1,False,True,False,5,other,3,False,1.0
9,8,0,0,no,495,MS,1,False,False,True,3,at_home,1,False,0.0
13,14,0,0,no,496,MS,1,False,True,False,1,other,1,True,2.33
14,14,0,1,yes,497,MS,1,False,True,True,2,services,2,False,2.67
11,10,1,1,yes,498,MS,1,False,False,False,4,services,3,False,1.0
13,14,0,1,yes,499,MS,1,False,False,False,1,other,1,False,2.67
16,17,0,1,yes,500,MS,1,False,True,False,2,services,1,False,3.33
7,6,1,0,no,501,MS,1,False,True,True,5,other,5,False,0.0
12,14,0,1,yes,502,MS,1,True,True,False,5,other,1,False,2.33
8,10,1,1,yes,503,MS,1,False,False,False,5,services,3,False,0.0
14,14,0,1,yes,504,MS,1,False,False,True,1,other,1,False,2.67
13,12,0,1,yes,505,MS,1,False,False,False,1,other,1,False,2.33
11,11,0,1,yes,506,MS,1,False,True,True,2,at_home,1,True,1.0
9,11,1,1,yes,507,MS,1,False,False,False,4,at_home,2,False,1.0
11,11,0,1,yes,508,MS,1,False,False,True,1,other,1,False,1.0
9,10,1,1,yes,509,MS,1,False,True,False,2,other,1,False,0.0
17,16,0,1,yes,510,MS,1,False,False,True,1,at_home,1,False,4.0
17,15,0,1,yes,511,MS,1,False,False,False,1,other,1,True,3.67
9,11,0,1,yes,512,MS,1,False,False,True,1,other,1,False,1.0
7,7,1,1,yes,513,MS,1,False,False,True,1,at_home,1,False,0.0
6,8,0,1,yes,514,MS,1,False,True,False,3,other,1,False,0.0
6,7,0,1,yes,515,MS,1,False,True,False,4,services,1,False,0.0
8,9,0,1,yes,516,MS,1,False,False,True,4,other,1,True,1.0
16,14,0,1,yes,517,MS,1,True,False,False,3,health,2,True,3.33
14,14,0,1,yes,518,MS,1,False,True,True,4,other,1,True,3.0
5,8,1,1,yes,519,MS,1,False,False,False,3,other,1,True,0.0
7,8,0,1,yes,520,MS,1,False,False,False,1,other,1,True,0.0
8,6,0,1,yes,521,MS,1,False,False,True,3,at_home,1,False,0.0
10,8,0,1,yes,522,MS,1,False,False,False,1,at_home,1,False,1.0
8,8,0,1,yes,523,MS,1,True,False,False,2,health,1,False,0.0
6,5,0,0,no,524,MS,1,True,False,False,5,at_home,5,False,0.0
9,7,0,1,yes,525,MS,1,False,False,False,1,at_home,1,False,0.0
14,15,0,1,yes,526,MS,1,True,False,False,2,other,1,False,3.33
14,13,0,1,yes,527,MS,1,True,True,False,2,other,1,False,2.67
9,10,0,1,yes,528,MS,1,False,False,False,2,services,2,False,1.0
9,9,0,1,yes,529,MS,1,False,True,False,2,at_home,1,False,0.0
11,11,0,1,yes,530,MS,1,True,True,False,2,services,1,False,1.0
10,7,0,1,yes,531,MS,1,False,True,False,5,services,5,False,0.0
10,10,0,1,yes,532,MS,1,False,False,True,3,at_home,3,False,1.0
7,9,0,1,yes,533,MS,1,False,False,False,4,health,1,False,0.0
15,14,0,1,yes,534,MS,1,False,False,False,1,other,1,False,3.33
12,11,0,1,yes,535,MS,1,True,True,False,5,teacher,2,False,2.0
11,9,0,1,yes,536,MS,1,False,False,True,3,other,1,False,1.0
14,13,0,1,yes,537,MS,1,False,False,False,3,other,2,True,2.67
13,12,0,1,yes,538,MS,1,False,True,False,2,services,1,False,2.0
11,11,0,1,yes,539,MS,1,False,False,False,2,other,2,False,1.0
10,9,0,1,yes,540,MS,1,True,False,False,2,other,2,False,1.0
11,9,0,1,yes,541,MS,1,False,True,False,2,at_home,2,False,1.0
9,11,0,1,yes,542,MS,1,False,False,False,1,other,1,False,1.0
11,10,0,1,yes,543,MS,1,True,False,False,4,teacher,1,False,2.0
9,9,3,1,yes,544,MS,1,True,True,False,3,health,1,False,0.0
11,12,0,1,yes,545,MS,1,False,True,True,3,other,3,False,2.0
9,8,1,1,yes,546,MS,1,False,False,False,4,services,3,False,0.0
15,13,0,1,yes,547,MS,1,True,False,False,1,health,1,False,3.33
11,10,0,1,yes,548,MS,1,True,True,False,1,other,2,False,1.0
10,11,0,1,yes,549,MS,1,False,False,True,2,at_home,1,False,1.0
18,17,0,1,yes,550,MS,1,True,False,False,3,other,2,False,4.0
13,12,0,1,yes,551,MS,1,False,False,False,2,other,2,False,2.33
14,13,0,1,yes,552,MS,1,False,False,False,2,other,2,False,2.33
9,9,2,0,no,553,MS,1,False,False,True,4,other,3,False,1.0
11,11,0,1,yes,554,MS,1,False,True,True,1,other,1,False,2.0
11,10,0,0,no,555,MS,1,False,True,True,2,at_home,2,False,1.0
14,13,0,1,yes,556,MS,1,False,False,True,1,other,1,False,2.33
10,9,0,1,yes,557,MS,1,False,True,True,4,other,2,False,1.0
9,7,3,1,yes,558,MS,1,False,False,False,1,other,1,False,1.0
13,8,0,0,no,559,MS,1,False,True,False,5,other,3,False,1.0
12,12,1,1,yes,560,MS,1,False,True,True,1,at_home,1,False,2.33
9,10,0,1,yes,561,MS,1,False,True,True,3,other,1,False,1.0
9,10,0,1,yes,562,MS,1,False,False,True,4,at_home,1,False,1.0
13,11,0,1,yes,563,MS,1,False,False,False,1,other,1,False,2.0
0,7,1,1,yes,564,MS,1,False,True,False,3,other,2,False,0.0
9,11,0,1,yes,565,MS,1,False,True,False,3,services,2,False,1.0
10,10,0,1,yes,566,MS,1,False,True,True,4,at_home,2,False,0.0
7,9,1,0,no,567,MS,1,False,True,True,3,services,2,False,0.0
0,4,1,0,no,568,MS,1,False,True,False,2,services,2,False,0.0
11,6,3,1,yes,569,MS,1,False,True,False,1,at_home,1,False,0.0
8,4,2,0,no,570,MS,1,False,False,False,3,at_home,1,False,0.0
8,7,0,1,yes,571,MS,1,False,True,False,4,services,2,False,0.0
9,8,3,0,no,572,MS,1,False,True,False,3,at_home,1,False,0.0
5,5,2,1,yes,573,MS,1,False,False,False,1,services,1,False,0.0
9,7,0,1,yes,574,MS,1,False,True,True,2,other,1,False,1.0
11,8,1,0,no,575,MS,1,False,True,True,4,other,2,False,1.0
11,10,0,1,yes,576,MS,1,True,True,False,4,services,3,False,1.0
10,9,0,1,yes,577,MS,1,False,True,False,5,other,5,False,1.0
9,10,1,1,yes,578,MS,1,False,False,True,3,other,3,False,1.0
9,8,1,1,yes,579,MS,1,False,False,False,3,health,2,False,1.0
10,9,0,0,no,580,MS,1,False,True,True,3,at_home,2,False,0.0
9,8,1,1,yes,581,MS,1,False,True,True,3,other,3,False,1.0
8,6,2,1,yes,582,MS,1,False,False,True,1,at_home,1,False,0.0
8,6,0,0,no,583,MS,1,False,True,True,1,at_home,1,False,0.0
6,8,1,0,no,584,MS,1,False,True,False,1,other,1,False,0.0
11,10,0,1,yes,585,MS,1,False,True,False,1,at_home,1,False,1.0
7,8,0,0,no,586,MS,1,False,False,False,2,other,2,False,0.0
8,8,0,1,yes,587,MS,1,True,False,False,3,teacher,1,False,0.0
6,7,1,1,yes,588,MS,1,False,False,False,2,services,1,False,0.0
10,8,0,1,yes,589,MS,1,True,True,False,1,health,1,False,0.0
10,7,0,1,yes,590,MS,1,False,True,True,1,at_home,1,False,1.0
8,7,2,1,yes,591,MS,1,False,False,True,2,other,2,False,0.0
13,12,0,1,yes,592,MS,1,False,False,False,1,services,1,True,2.67
12,11,0,1,yes,593,MS,1,False,True,False,1,services,1,False,2.33
13,12,0,1,yes,594,MS,1,False,False,True,2,at_home,1,True,2.67
18,18,0,1,yes,595,MS,1,True,False,False,2,teacher,1,True,4.0
17,17,0,1,yes,596,MS,1,True,True,False,1,services,1,True,3.67
18,17,0,1,yes,597,MS,1,True,False,False,2,other,1,False,4.0
0,9,1,1,yes,598,MS,1,False,False,False,1,at_home,1,False,0.0
11,10,0,1,yes,599,MS,1,False,True,True,5,at_home,5,False,1.0
13,12,0,1,yes,600,MS,1,True,True,False,1,at_home,1,False,2.67
13,12,0,0,no,601,MS,1,False,True,True,4,other,3,False,2.67
8,8,0,1,yes,602,MS,1,False,False,False,1,other,1,False,1.0
12,11,0,1,yes,603,MS,1,False,False,False,4,services,1,False,2.33
0,5,0,1,yes,604,MS,1,True,False,False,1,teacher,1,True,0.0
10,9,1,0,no,605,MS,1,False,False,True,2,at_home,1,False,1.0
0,5,1,0,no,606,MS,1,False,True,True,3,at_home,2,False,0.0
18,18,0,1,yes,607,MS,1,True,False,False,1,teacher,3,False,4.0
11,11,0,1,yes,608,MS,1,False,False,False,2,services,1,True,2.0
10,8,0,1,yes,609,MS,1,False,False,True,2,at_home,1,False,1.0
11,11,0,0,no,610,MS,1,False,False,True,1,at_home,1,False,2.0
0,8,3,0,no,611,MS,1,False,False,True,4,at_home,1,False,0.0
14,14,0,1,yes,612,MS,1,False,False,False,1,services,1,False,3.0
11,10,1,1,yes,613,MS,1,True,False,False,3,services,1,False,1.0
10,10,0,1,yes,614,MS,1,False,False,False,1,services,1,False,1.0
12,12,0,1,yes,615,MS,1,True,False,False,2,teacher,1,False,2.0
14,15,0,1,yes,616,MS,1,False,False,False,2,services,1,True,3.0
13,14,0,1,yes,617,MS,1,False,True,True,2,other,1,False,2.67
17,19,0,1,yes,618,MS,1,False,False,True,1,at_home,1,False,4.0
15,16,0,1,yes,619,MS,1,False,False,True,4,at_home,1,False,3.0
12,13,0,1,yes,620,MS,1,False,False,False,3,services,1,False,2.33
14,15,0,1,yes,621,MS,1,True,False,False,1,at_home,1,False,3.0
13,13,0,1,yes,622,MS,1,False,False,True,2,other,1,False,2.33
10,8,0,1,yes,623,MS,1,False,False,True,4,at_home,2,False,0.0
16,15,0,1,yes,624,MS,1,True,False,False,2,teacher,2,False,3.33
8,8,1,1,yes,625,MS,1,False,True,True,2,other,1,True,0.0
10,10,0,1,yes,626,MS,1,False,True,False,2,at_home,1,False,1.0
5,7,0,1,yes,627,MS,1,True,False,False,2,other,4,False,0.0
10,9,0,0,no,628,MS,1,False,True,True,3,at_home,2,False,1.0
11,10,0,1,yes,629,MS,1,False,False,False,1,other,1,False,2.0
8,7,0,1,yes,630,MS,1,False,True,True,3,other,1,False,0.0
17,15,0,1,yes,631,MS,1,True,False,False,1,other,1,True,3.67
11,10,0,1,yes,632,MS,1,False,False,True,2,other,1,False,2.0
8,7,1,1,yes,633,MS,1,False,False,True,1,at_home,1,False,0.0
14,13,0,1,yes,634,MS,1,True,False,False,4,teacher,3,False,2.67
16,16,0,1,yes,635,MS,1,False,False,False,2,other,1,False,3.33
9,8,0,1,yes,636,MS,1,False,False,False,3,at_home,2,True,0.0
18,17,0,1,yes,637,MS,1,True,False,False,4,teacher,1,False,4.0
7,7,0,1,yes,638,MS,1,False,True,False,3,other,1,False,0.0
15,14,0,1,yes,639,MS,1,False,False,False,1,other,1,False,3.33
8,5,1,1,yes,640,MS,1,False,True,True,3,other,1,False,0.0
7,7,1,1,yes,641,MS,1,True,True,False,3,other,4,False,0.0
17,14,0,1,yes,642,MS,1,False,False,False,3,at_home,1,False,3.0
9,6,0,1,yes,643,MS,1,True,False,False,1,teacher,1,False,1.0
9,7,0,1,yes,644,MS,1,True,True,False,2,teacher,2,True,1.0
11,10,1,1,yes,645,MS,1,False,False,False,2,services,1,False,1.0
15,15,0,1,yes,646,MS,1,False,False,False,1,teacher,1,False,3.33
12,11,0,1,yes,647,MS,1,False,False,True,1,other,1,False,0.0
10,10,0,1,yes,648,MS,1,False,True,False,4,services,3,False,1.0
11,10,0,1,yes,649,MS,1,False,True,False,4,services,3,False,1.0
